descripcion,codigo,NOVA
Acelga,V001,1
"Acelga, congelada",V050,3
"Acelga, pencas",V073,1
Achicoria,V002,1
Ají en conserva,V081,3
Ají Locoto,V077,1
Ají rojo / morrón rojo,V003,1
Ají verde o amarillo / morrón verde o amarillo,V004,1
Ajo,V065,1
Albahaca,V071,1
"Alcaparras, encurtido",V069,3
Alcaucil,V005,1
Apio,V006,1
"Arveja, congelada",V051,3
"Arveja, enlatada",V008,3
"Arveja, fresca",V007,1
Berenjena,V010,1
Berro,V011,1
Brócoli,V012,1
Brotes de soja,V013,1
Brotes de tacuara (bambú) en escabeche,V075,3
Caldo de verduras colado,V082,4
Cebolla,V014,1
Cebolla de verdeo,V052,1
"Champignones, enlatados",V074,3
"Champignones, frescos",V076,1
"Chaucha, congelada",V053,3
"Chaucha, fresca",V016,1
Chuchu o chayote,V078,1
Coliflor,V015,1
Escarola,V020,1
Espárrago,V021,1
Espinaca,V022,1
Habas,V023,1
Hakusai o col china,V054,1
Hinojo,V024,1
Hojas de parra,V083,1
"Hongos, enlatados",V026,3
"Hongos, frescos",V025,1
"Hongos, secos",V080,1
"Jardinera, congelada",V055,3
"Jardinera, enlatada",V056,3
Jengibre,V066,1
Kale,V057,1
Lechuga,V027,1
Mandioca,V028,1
Medallones de verdura congelados industrializados,V072,4
"Palmitos, enlatados",V029,3
Pepino,V031,1
Perejil,V067,1
"Pickles, en vinagre",V070,3
"Prefritos congelados, croquetas de vegetales (espinaca, brócoli)",V062,4
"Prefritos congelados, milanesas de vegetales (4 vegetales, espinaca)",V063,4
"Prefritos congelados, patitas de vegetales (espinaca)",V064,4
Puerro,V032,1
Rabanito,V033,1
Radicheta,V034,1
Remolacha,V035,1
Repollito de Bruselas,V036,1
Repollo,V037,1
Rúcula,V058,1
Tomate,V038,1
"Tomate, desecado",V068,3
"Tomate, enlatado",V039,3
"Tomate, puré de tomate",V060,3
Tomate cherry,V059,1
Verdolaga,V079,1
Zanahoria,V040,1
Zapallito,V041,1
Zapallo,V042,1
"Zapallo / calabaza, puré instantáneo (polvo)*",V084,4
Zucchini,V061,1
Aceituna negra,F050,3
Aceituna verde,F001,3
"Alimento a base de coco (leche de coco, industrializada)",F069,4
Acerola,F044,1
Ananá,F003,1
"Ananá, enlatado (fruta y almíbar)",F004,3
Ananá glaseado,F071,4
Arándanos,F060,1
Banana,F006,1
Banana deshidratada,F067,1
Cayota o Alcayota,F045,1
Cereza,F007,1
Ciruela pasa / ciruela seca,F009,3
Ciruela,F008,1
Coco fresco,F046,1
"Coco, leche",F066,1
Coco rallado,F051,3
"Coctail de frutas, enlatado (fruta y almíbar)",F052,4
Damasco,F010,1
Dátiles,F061,3
"Durazno, enlatado light (fruta y almíbar)",F013,4
"Durazno, enlatado (fruta y almíbar)",F012,3
Durazno,F011,1
Durazno orejón,F014,3
Frambuesa,F064,1
Frutas abrillantadas,F065,4
Frutilla,F015,1
Granada,F016,1
Guabirova,F053,1
Guayaba,F017,1
Higo desecado,F054,3
Higo,F018,1
Kaki,F019,1
Kinoto,F020,1
Kiwi,F021,1
Limón,F022,1
"Limón, ralladura",F059,1
Mamón,F023,1
Mandarina,F024,1
Mango,F025,1
Manzana con piel,F027,1
Manzana sin piel,F028,1
Maracuyá,F070,1
Melón,F029,1
Membrillo,F030,1
Mora,F055,1
Naranja,F031,1
"Naranja, ralladura",F062,1
Níspero,F032,1
Palta,F034,1
Papaya,F063,1
Pera,F036,1
"Pera, enlatada (fruta y almíbar)",F037,3
"Pera, enlatada light (fruta y almíbar)",F038,4
Pera orejón,F039,3
Pitanga,F056,1
Pomelo,F041,1
Puré de frutas envasado (alimento infantil),F057,4
Sandía,F042,1
Tuna,F058,1
Uva,F043,1
Uva pasa,F035,3
Almidón de maíz,A001,2
Almidón de mandioca,A193,2
Amaranto,A002,1
Anchi,A101,3
Arroz blanco,A003,1
Arroz inflado azucarado,A191,4
Arroz integral,A004,1
Arroz yamaní,A102,1
"(tipo cuatro quesos, primavera, etc.)",A103,3
"Arroz a la portuguesa (envasado, fortificado con vitaminas y minerales)",A255,4
"Arroz a la valenciana (envasado, fortificado con vitaminas y minerales)",A257,4
"Arveja, semilla seca entera / partida",A006,1
"Avena, arrollada",A005,1
"Avena, almohaditas",A104,4
Barra crocante de arroz,A105,4
Barra de cereal fortificada,A106,4
Barra de cereal light,A107,4
"Barra de cereales, PROMEDIO",A008,4
Batata,A073,3
Bizcochitos de grasa envasados,A108,2
Bizcochitos de grasa envasados light,A109,4
Bizcochitos de arroz envasados (tipo galletita),A110,4
"Bizcochos de grasa (panadería) / Criollitos, Libritos (pan con grasa)",A009,2
Bizcochos tipo Bay Biscuit,A010,3
Bizcochuelo preparado (panadería),A229,4
Bizcochuelo preparado a partir de polvo premezcla,A111,4
"Bizcochuelo preparado a partir de polvo premezcla, SIN TACC",A112,4
Bollitos de anís,A113,3
Brownie (panadería),A236,3
Budín industrializado,A114,4
"Budín industrializado con nueces, tipo navideño",A234,4
"Capelettis / capelettinis deshidratados, envasados",A115,4
"Capelettis frescos, artesanal",A011,3
"Cereal desayuno, aritos frutales",A074,4
"Cereal desayuno, aritos sabor miel",A182,4
"Cereal desayuno, bolitas de chocolate",A194,4
"Cereal desayuno, copos de maíz sin azúcar, sin fortificar",A075,4
Cereal infantil para papilla,A116,4
Cheesecake (panadería / confitería),A248,3
Chipá,A013,3
Chipá preparado a partir de polvo premezcla,A120,4
"Chipaco o pan con chicharrón, comprado",A216,3
Choclo,A076,1
"Choclo, congelado en grano",A176,3
"Choclo, enlatado cremoso",A078,3
"Choclo, enlatado en grano",A077,3
Churros,A014,3
"Cereal desayuno, copos de cereal integral (arroz y maíz), fortificados",A180,4
"Cereal desayuno, copos azucarados, sin fortificar",A012,4
"Cereal desayuno, copos azucarados, fortificados",A117,4
Coquitos (panadería),A204,3
Cous Cous,A118,4
Cucurucho / cubanito,A119,3
Empanaditas chinas (restaurant),A250,3
Facturas rellenas,A015,3
Facturas simples,A016,3
"Farofa tradicional, harina de mandioca condimentada, envasada lista para",A192,2
"Fideos de arroz, SIN TACC",A207,4
"Fideos frescos, al huevo",A017,3
Fideos secos,A018,3
"Fideos secos, fortificados",A121,3
Fideos secos integrales / fideos secos de sémola y harina de legumbres,A122,2
Frangollo (maíz seco pisado),A201,3
Galleta de campo,A064,4
Galleta de grasa con chicharrón,A206,4
Galleta marinera,A065,4
Galleta marinera con semillas / galletitas crackers con semillas,A188,4
Galleta marinera integral,A253,4
"Galleta marinera, light en grasas",A203,4
Galletas de arroz,A019,4
Galletas de arroz horneadas tipo snack varios sabores,A185,4
Galletas de arroz sin sal,A123,4
Galletitas integrales sin sal,A067,4
Galletitas dulces con centro de membrillo o similar (tipo Pepas),A186,4
Galletitas dulces con chips de chocolate,A181,4
Galletitas dulces hojaldradas,A220,4
Galletitas dulces rellenas,A023,4
Galletitas dulces rellenas bañadas en chocolate,A211,4
Galletitas dulces simples,A024,4
"Galletitas dulces sin azúcar agregada, con edulcorante (dietética)",A205,4
"Galletitas dulces, SIN TACC",A124,4
Galletitas dulces de almidón de maíz (tapita de alfajor),A177,4
Galletitas dulces tipo Frutigran,A125,4
Galletitas dulces obleas,A068,4
"Galletitas de agua, PROMEDIO",A020,4
Galletitas de agua sin sal,A066,4
Galletitas de agua sin sal con chía y lino,A258,4
Galletitas de agua con girasol alto oleico,A127,4
Galletitas de agua con grasa vacuna,A021,4
Galletitas de agua light,A247,4
Galletitas de salvado o integrales,A022,4
Galletitas tipo copetín,A126,4
Galletitas tipo talitas o fajitas,A198,4
Galletitas de vainilla con chips de chocolate (panadería),A254,4
Garbanzos,A025,1
"Garbanzos, enlatados",A128,3
Gérmen de trigo,A129,3
Granola,A026,3
Grisines,A069,3
Grisines sin sal,A130,2
"Guiso de lentejas (envasado, fortificado con vitaminas y minerales)",A244,1
Hamburguesa de quinoa envasada,A260,4
Hamburguesa de soja congelada,A175,4
Harina de algarrobo,A027,2
Harina de arroz,A028,2
Harina de cebada,A029,2
Harina de centeno,A030,2
Harina de chía,A212,2
Harina de garbanzos,A131,1
Harina de maíz,A031,2
Harina de quinoa,A070,2
Harina de soja,A032,2
Harina de trigo,A033,2
Harina de trigo con levadura para pizza,A202,4
Harina de trigo fortificada,A132,2
Harina de trigo integral,A034,2
Harina leudante,A133,4
Lentejas,A035,1
"Lentejas, enlatadas",A134,3
Milanesa de lentejas (dietética),A259,1
Levadura en polvo,A178,2
Levadura fresca,A179,2
Madalenas,A135,4
Madalenas rellenas,A187,4
Madalenas fortificadas,A136,4
"Maíz, grano entero",A036,1
"Masa de pizza, preparada a partir de polvo premezcla",A197,4
"Masa de pizza, preparada a partir de polvo premezcla, SIN TACC",A138,4
Masa de prepizza de panadería o envasada,A038,4
Masa de tarta o empanadas,A037,3
Masa de tarta o empanadas light,A139,4
"Masa de tarta o empanada, integral",A252,3
"Masa de tarta, SIN TACC",A218,3
Masas finas surtidas (panadería / confitería),A242,3
Masas secas surtidas (panadería / confitería),A232,3
Muffins veganos,A217,4
Ñoquis de espinaca envasados,A233,4
"Ñoquis de papa frescos, artesanal",A039,3
"Ñoquis de papa, envasados",A140,1
Ñoquis preparados a partir de polvo premezcla,A171,4
"Ñoquis preparados a partir de polvo premezcla, SIN TACC",A172,4
Panko (pan rallado japonés),A241,3
Pan árabe,A071,3
"Pan cacho (tipo pan casero de campo, sin grasa)",A215,2
"Pan con grasa (tipo pan ""cordero"")",A240,2
Pan criollo / semita / tortillas / bollos / harinitas,A072,3
Pan de centeno,A040,3
Pan de gluten,A042,3
Pan de maíz,A043,3
Pan de miga,A044,3
Pan de molde con salvado,A048,4
Pan de salvado,A045,2
Pan de salvado con semillas,A184,2
Pan de molde con salvado sin sal,A141,4
Pan de salvado sin sal (panadería),A246,2
Pan de viena,A046,3
Pan dulce,A142,3
Pan francés o pan casero sin agregado de grasa o aceite,A041,2
Pan francés sin sal,A245,2
"Pan blanco, tipo molde, lacteado",A047,3
"Pan lactal, SIN TACC",A237,4
Pan negro sin levadura,A049,2
"Pan para panchos o hamburguesas, envasado",A143,4
"Pan paraguayo / galleta paraguaya (bollitos con levadura, harina, grasa o",A231,4
Pan rallado,A050,3
"Pan rallado, SIN TACC",A226,3
"Pan rallado, fortificado",A144,4
Pan figacita de manteca,A169,2
Papa,A079,3
"Papa, croquetas u otro preformado de papa rebozado, prefrito, congelado",A153,3
"Papa, puré instantáneo (polvo)*",A152,4
Papas prefritas congeladas envasadas,A145,4
"Pastas secas, SIN TACC",A146,3
Pastelitos rellenos de dulce de membrillo o batata (panadería / confitería),A249,3
Patay,A147,3
Pionono,A148,3
Pochoclo acaramelado,A149,1
Pochoclo salado,A150,1
Polvo de hornear,A190,2
Polvo para preparar brownie*,A189,4
Porotos,A051,1
"Soja, porotos",A052,1
"Porotos, enlatados",A151,3
"Milanesa de arroz, prefrita",A165,4
"Milanesa de soja, prefrita",A164,4
"Premezcla para panificados, pastas y postres, SIN TACC",A213,4
"Premezcla para bizcochuelo, SIN TACC",A256,4
Puflito,A154,3
Quinoa inflada,A155,4
"Quinoa, semilla",A053,1
"Ravioles deshidratados, envasados",A157,4
"Ravioles frescos, artesanal, SIN TACC",A225,3
"Ravioles frescos, artesanal",A054,3
"Ravioles frescos, envasados",A156,4
Rosca de pascuas (panadería / confitería),A223,3
Rosquete,A243,3
Rosquita tipo Doughtnut,A210,3
Rosquita tipo Doughtnut bañada en chocolate,A227,4
Rosquita tipo Doughtnut de chocolate,A219,4
Rosquito de vino (cuyano),A209,3
Salvado de avena,A055,1
Salvado de trigo,A056,1
"Cereal desayuno, salvado de trigo tipo bastoncitos",A057,4
Scones (panadería / confitería),A196,3
"Seitán, sucedáneo de carne a base de gluten de trigo",A214,4
Sémola,A058,2
Sémola fortificada,A195,2
Soja texturizada,A170,4
"Sorrentinos frescos, artesanal",A200,3
"Sushi, PROMEDIO",A183,3
"Tapas para lasagna, pasta seca",A222,3
Tapioca (almidón de mandioca),A059,2
Tofu,A168,1
Torta de coco (panadería),A238,3
"Torta de cumpleaños (masa, relleno y cobertura). Comprada lista para consumir,",A224,4
Torta de manzana (panadería),A251,3
Torta de ricotta (panadería),A235,3
Torta frita,A062,3
Torta mil hojas,A228,3
"Tortillas de trigo, envasadas",A208,4
Tortitas Jachaleras,A158,3
Tostadas de gluten,A159,3
Tostadas de mesa,A160,3
Tostadas integrales,A161,3
Tostadas light,A162,4
Tostadas sin sal,A163,2
"Tostaditas saladas, saborizadas, producto tipo copetín",A221,4
Trigo burgol,A239,3
"Trigo, grano entero",A060,1
Trigo inflado azucarado,A230,4
Triguillo,A199,3
Turrón de maní con oblea tipo golosina,A173,4
Turrón tipo navideño,A174,3
Tutuca,A166,4
Vainillas,A061,3
"Alimento a base de leche entera y café, fortificado con calcio, varios sabores,",L065,4
"Leche chocolatada en polvo, fortificada, para desayunos escolares*",L044,4
"Leche parcialmente descremada, sabor chocolate o dulce de leche, fortificada",L001,1
Leche condensada,L034,3
"Leche de cabra, entera, fluida",L002,1
"Leche de cabra, entera, en polvo*",L070,1
"Leche de oveja, entera, fluida",L003,1
"Leche de vaca, ordeñada (sin ningún tipo de procesamiento)",L067,1
"Leche descremada en polvo, fortificada con vitaminas A y D*",L008,1
"Leche descremada en polvo, tipo Nido Buen Día, fortificada con hierro y",L069,4
más de proteínas,L060,1
"menos de grasas saturadas, fortificada con vitaminas A,",L045,2
"Leche semidescremada en polvo, deslactosada*",L041,1
"Leche entera fluida, con azúcar, lista para consumir",L039,1
Leche entera en polvo tipo Nido Fortigrow*,L055,4
"Leche entera en polvo, fortificada con vitaminas A y D, para desayunos",L046,1
"Leche entera en polvo, fortificada con vitaminas A y D*",L047,1
"As., fortificada con vitaminas A y D*",L043,1
"fortificada con hierro, zinc y ác. ascórbico*",L033,1
"Leche entera en polvo, deslactosada, fortificada con vitaminas A y D*",L009,1
"Leche entera en polvo, fortificada con hierro*",L019,1
"Leche entera en polvo, Plan Materno Infantil, sin fortificación*",L032,1
"Leche entera en polvo, sin fortificación*",L010,1
"Leche entera fluida, fortificada con hierro",L020,1
"Leche entera fluida, con vitaminas A y D",L007,1
"Leche entera fluida, fortificada con vitaminas A, D y B9",L048,1
"Leche entera fluida, deslactosada, fortificada con vitaminas A y D",L011,1
"Leche entera fluida, fortificada con vitaminas A, D, C, B9 y extra calcio",L054,1
"Leche entera fluida, con CLA, fortificada con vitaminas A y D",L066,1
"Leche entera fluida, sin fortificación",L006,1
"3, fortificada con calcio y vitaminas A, D y E",L053,1
"triglicéridos de cadena media, DHA/GLA y sin lactosa, para alergia a la",L057,1
"Leche fórmula, tipo Enfabebe Confort, en polvo*",L059,4
"Leche fórmula, tipo GA1 Anamix Infant, en polvo*",L056,4
"Leche fórmula, tipo Nutrilon Pepti junior HE, en polvo*",L058,4
"Leche fórmula antireflujo, en polvo*",L042,4
"Leche fórmula 0-12 meses, hipoalergénica, tipo Nutrilón HA, NAN HA, en",L063,4
"Leche fórmula 0-12 meses, sin lactosa, en polvo*",L062,4
"Leche fórmula etapa 3, en polvo*",L035,4
"Leche fórmula etapa 3, sin lactosa, en polvo*",L061,4
"Leche fórmula etapa 3, fluida",L036,4
"Leche fórmula etapa 4, en polvo*",L037,4
"Leche fórmula etapa 4, fluida",L038,4
"Leche fórmula inicio, en polvo*",L022,4
"Leche fórmula inicio, fluida",L024,4
"Leche fórmula para prematuros etapa 1, en polvo*",L049,4
"Leche fórmula para prematuros etapa 1, fluida",L050,4
"Leche fórmula para prematuros etapa 2, en polvo*",L051,4
"Leche fórmula para prematuros etapa 2, fluida",L052,4
"Leche fórmula seguimiento, en polvo*",L023,4
"Leche fórmula seguimiento, fluida",L025,4
"Leche seguimiento etapa 3, sabor vainilla",L064,1
Leche materna,L040,1
"Leche parcialmente descremada fluida, fortificada con vitaminas A, D, C y ác.",L030,1
"Leche parcialmente descremada fluida, fortificada con hierro",L031,1
"Leche parcialmente descremada fluida, fortificada con vitaminas A y D",L005,1
"Leche parcialmente descremada fluida, sin fortificación",L004,1
"Leche parcialmente descremada fluida, deslactosada, fortificada con vitaminas",L012,1
"vitaminas A, D, B2, B9 y zinc",L068,1
Probióticos descremados,L017,1
Probióticos enteros,L018,1
"Bebida láctea a base de agua, yogurt, azúcar y saborizantes",Y019,4
Flan envasado listo para consumir light,Y007,4
Flan envasado listo para consumir,Y006,4
Postre de leche bebible infantil,L013,4
Postre de leche listo para consumir light,L015,4
Postre de leche listo para consumir tipo Danonino,L016,4
Postre de leche listo para consumir tipo Serenito,L014,4
Yogur con fitoesteroles,Y014,4
Yogur descremado,Y003,4
Yogur descremado bebible,Y005,4
Yogur descremado con cereales,Y012,4
Yogur descremado con frutas,Y013,4
Yogur descremado con frutas y cereales,Y017,4
Yogur entero bebible saborizado,Y004,4
Yogur entero con cereales,Y010,4
Yogur entero con frutas,Y011,4
Yogur entero con frutas y cereales,Y018,4
Yogur entero natural,Y001,1
Yogur entero saborizado,Y002,4
Yogur descremado fortificado con calcio,Y015,4
Yogur fortificado con hierro,Y016,4
"Adherezo deshidratado a base de queso Reggianito, sémola y almidones",Q033,3
Muzzarella rebozada prefrita,Q043,3
Muzzarella rebozada sin freir (pollería o granja),Q048,3
"Quesillo (preparación regional, queso amasado artesanal)",Q049,3
Queso Azul,Q022,3
"Queso blanco descremado, untable",Q003,3
"Queso blanco semidescremado, untable",Q002,3
Queso Cheddar,Q042,3
Queso Chubut,Q023,3
"Queso crema entero, untable",Q001,3
Queso Cremoso,Q050,3
Queso Cuartirolo,Q017,3
Queso de cabra,Q045,3
Queso de máquina,Q021,3
Queso de vaca criollo,Q052,3
Queso en hebras,Q034,3
Queso en hebras light,Q035,4
Queso Fontina,Q024,3
Queso Fontina fundido light,Q051,4
Queso fresco sin sal,Q047,2
Queso fundido,Q005,3
Queso Goya,Q036,3
Queso Gruyére,Q025,3
Queso Holanda,Q026,3
Queso Limburguer,Q018,3
Queso Mar del Plata,Q027,3
Queso Pategrás,Q028,3
Queso Mascarpone,Q044,3
Queso Muzzarella,Q019,3
Queso Parmesano,Q037,3
Queso pasta blanda descremado,Q015,3
Queso pasta blanda doble crema,Q016,3
muzzarella),Q006,3
"Sardo, Sbrinz)",Q008,3
"Holanda, Mar del Plata, Pategrás, Queso de máquina, Roquefort, Taif, Tandil)",Q007,3
Queso porsalut sin sal light,Q046,4
Queso Provolone,Q038,3
Queso rallado envasado,Q032,3
Queso Reggianito,Q039,3
Queso Roquefort,Q029,3
Queso Sardo,Q040,3
Queso Sbrinz,Q041,3
Queso Taif,Q030,3
Queso Tandil,Q031,3
"Queso untable, PROMEDIO",Q000,3
Queso untable tipo Finlandia,Q013,3
Queso untable tipo Finlandia light,Q014,4
Queso untable tipo Tholem,Q011,3
Queso untable tipo Tholem light,Q012,4
Quesos de pasta semidura descremados,Q020,3
Ricota,Q004,3
Ricota descremada,Q010,3
Aguja,C078,1
Asado con hueso***,C076,1
Asado sin hueso***,C075,1
Bife angosto con hueso***,C089,1
Bife angosto sin hueso***,C088,1
Bola de lomo,C082,1
Bondiola (fiambre),C094,4
Butifarra,C123,1
Cabra,C001,1
Cantimpalo (fiambre),C121,4
Caracú,C109,1
Carne picada común,C073,1
Carne picada especial,C074,1
Carpincho,C050,1
Cerdo bondiola,C100,3
"Cerdo costillar tipo ""ribs""",C099,1
Cerdo costillita,C098,1
Cerdo jamón (corte de carne),C104,4
Cerdo matambre,C101,1
Cerdo paleta (corte de carne),C105,1
Cerdo pechito,C102,1
"Cerdo, PROMEDIO",C002,1
"Cerdo, patas, patitas",C115,1
Charata (ave),C064,1
Charqui de cordero o chalona,C038,3
Charqui de vaca,C037,3
"Chinchulines, tripa gorda",C007,1
Chivito,C110,1
"Chivito, cabeza",C129,1
Chorizo,C003,4
Chorizo seco,C095,3
Colita de cuadril,C093,1
Conejo,C008,1
"Corazón, vacuno",C107,1
"Cordero, PROMEDIO",C009,1
Cuadrada,C084,1
Cuadril,C092,1
Cuerito de cerdo,C052,1
"Espinazo, vacuno",C120,1
Falda,C079,1
Fiambre de cerdo,C051,4
Garza,C062,1
"Guanaco, carne",C111,1
Hamburguesa de carne vacuna (carnicería),C118,4
Hamburguesa de cerdo (carnicería),C116,4
Hamburguesa de pollo (pollería / granja),C113,4
"Hamburguesa de carne vacuna, industrializada",C011,4
"Hamburguesa de carne vacuna, industrializada, rebozada",C124,4
"Hamburguesa de carne vacuna, industrializada light",C053,4
"Hamburguesa de pollo, industrializada",C010,4
Hígado,C012,1
Hígado de pollo,C122,1
Jabalí,C103,1
Jacaré,C061,1
Jamón cocido,C004,4
Jamón crudo,C005,3
Lampalagua (serpiente),C065,1
Leberwurst,C054,1
Liebre,C127,1
Lengua,C013,1
Lomito ahumado,C056,1
Lomo,C085,1
Llama,C128,1
Longaniza,C055,3
Matambre (corte de carne),C080,1
Matambre (fiambre),C057,4
"Medallón de pollo relleno de jamón y queso, prefrito congelado",C114,3
Milanesa de carne vacuna rebozada (carnicería),C106,1
Milanesa de cerdo (carnicería),C126,1
Milanesa de pollo rebozada (pollería / granja),C068,1
"Milanesa de pollo, prefrita congelada",C069,4
Mollejas,C014,1
Mondongo,C015,1
Morcilla,C016,1
Mortadela,C017,4
Nalga,C081,1
Nuggets o patitas de pollo,C070,4
Nutria,C112,1
Osobuco,C108,1
Paleta (corte de carne),C087,1
Paleta (fiambre),C097,4
Palomita (corte de carne),C091,1
Panceta,C006,1
Pastrón,C058,3
Paté / picadillo,C018,1
Pato,C019,1
Pavo,C020,1
Peceto,C083,1
Perdiz,C063,1
Pollo con piel,C021,1
Pollo sin piel,C023,1
"Pollo, alitas",C125,1
"Pollo, menudos",C022,1
"Pollo, pechuga sin piel",C059,1
Queso de cerdo,C024,3
Rana,C117,1
Riñón,C025,1
Roast beef,C086,1
Salame,C026,2
Salchicha de viena,C027,4
Salchicha de viena light,C066,4
Salchicha parrillera,C028,4
Salchicha rellena con cheddar,C119,4
Salchichón,C067,2
Sesos,C029,1
"Suprema de pollo con espinaca y queso, prefrita congelada",C071,4
"Suprema de pollo con jamón y queso, prefrita congelada",C072,4
Tatú,C096,1
Tortuguita,C090,1
Ubre,C030,1
Vacío,C077,1
"Vacuno, cortes grasos, con hueso (ej: asado), PROMEDIO",C032,1
"Vacuno, cortes grasos, sin hueso (ej: vacío, carne picada común, aguja, falda, alita,",C031,1
"intensamente desgrasada), PROMEDIO",C033,2
"Vacuno, cortes magros, con hueso, PROMEDIO",C034,1
"Vacuno, cortes semigrasos, con hueso (ej: bife angosto), PROMEDIO",C036,1
"paleta, bife angosto, tortuguita, palomita), PROMEDIO",C035,1
Vizcacha,C060,1
"Huevo de gallina, entero",H001,1
"Huevo de gallina, clara",H002,1
"Huevo de gallina, yema",H003,1
"Huevo de codorníz, entero",H004,1
Abadejo,P029,1
Almeja,P042,1
"Anchoa, enlatada en aceite",P010,2
"Anchoa, pasta",P009,4
"Atún, enlatado en aceite",P008,2
"Atún, enlatado al natural",P007,3
"Atún, lomito fresco",P028,1
"Bocaditos de pescado, prefritos",P041,4
Brótola,P021,1
"Caballa, enlatada",P012,3
"Caballa, tronco",P011,1
Calamar,P003,1
Camarón,P004,1
Cornalitos,P031,1
Corvina,P023,1
Dorado,P035,1
Gatuzo,P024,1
Hamburguesa de pescado (pescadería),P046,1
Kani Kama,P039,4
Langostino,P005,1
Lenguado,P022,1
"Medallón de pescado relleno con queso y espinaca, prefrito",P043,3
Mejillón,P006,1
Merluza,P020,1
"Merluza, enlatada en agua y aceite",P045,2
"Milanesa de pescado, prefrita",P040,4
Pacú,P036,1
Palometa,P033,1
Pejerrey,P030,1
"Pescados de mar (ej: brótola, corvina blanca, gatuso, lenguado, merluza, etc.),",P001,1
"Pescados de río (ej: dorado, palometa, surubí, trucha, etc.), PROMEDIO",P002,1
Pollo de mar,P025,1
Pulpo,P038,1
Rabas (restaurant),P047,1
Sábalo,P037,1
Salmón blanco,P026,2
Salmón rosado,P027,2
"Sardinas, enlatadas al natural",P044,3
"Sardinas, enlatadas en aceite",P013,2
Surubí,P034,1
Trucha,P032,1
Aceite comestible mezcla,Z003,2
"Aceite comestible mezcla, para cocción",Z030,2
Aceite de canola,Z005,2
"Aceite de canola, para cocción",Z032,2
Aceite de chía,Z023,2
"Aceite de chía, para cocción",Z036,2
Aceite de coco,Z022,2
"Aceite de coco, para cocción",Z034,2
Aceite de girasol,Z001,2
Aceite de girasol alto oleico,Z020,2
"Aceite de girasol alto oleico, para cocción",Z027,2
"Aceite de girasol, para cocción",Z026,2
Aceite de maíz,Z002,2
"Aceite de maíz, para cocción",Z028,2
Aceite mezcla con oliva,Z021,2
"Aceite mezcla con oliva, para cocción",Z029,2
Aceite de oliva,Z004,2
"Aceite de oliva, para cocción",Z031,2
Aceite de sésamo,Z042,2
Aceite de soja,Z007,2
"Aceite de soja, para cocción",Z035,2
Aceite de uva,Z006,2
"Aceite de uva, para cocción",Z033,2
"Aceite para cocción, PROMEDIO",Z025,2
"Aceite, PROMEDIO",Z000,2
Rocío vegetal,Z024,4
"Rocío vegetal, para cocción",Z037,4
Alimento a base de almendras (leche de almendras),Z043,4
Alimento a base de castañas (leche de castañas),Z040,4
Alimento a base de almendras con chocolate (chocolatada),Z050,4
Almendra,Z008,1
Avellana,Z009,1
Gomasio (sésamo integral tostado y molido con sal marina),Z045,2
Maní tostado salado,Z011,2
Maní tostado sin sal,Z010,2
Mantequilla de maní,Z048,4
fortificado con calcio,Z047,1
"Mix de frutos secos, semillas y pasas de uva",Z016,4
Nuez,Z012,1
Pistacho,Z013,1
Pistacho salado,Z038,2
Semilla de chía,Z041,1
Semilla de girasol,Z014,1
Semilla de girasol con sal y con cáscara,Z049,2
Semilla de sésamo,Z015,1
Semilla de zapallo,Z044,1
Semilla de amapola,Z046,1
Semilla de lino,Z039,1
Azúcar blanca molida,D003,2
Azúcar light,D070,4
Azúcar impalpable,D127,2
Azúcar morena / azúcar mascabo,D004,2
Edulcorante en polvo con aspartamo y acesulfame k,D083,4
"Edulcorante en polvo con sacarina y ciclamato (tipo Hileret clásico 1 a 10, Sucaryl",D084,4
Edulcorante en polvo con stevia,D085,4
"Edulcorante en polvo, PROMEDIO",D071,4
Edulcorante en polvo con sucralosa,D086,4
Edulcorante en tabletas o comprimidos con aspartamo y acesulfame k,D093,4
Edulcorante en tabletas o comprimidos con ciclamato y sacarina,D094,4
Edulcorante en tabletas o comprimidos sin identificar,D092,4
"Edulcorante líquido con ciclamato, sacarina y sucralosa",D091,4
Edulcorante líquido con aspartamo,D088,4
Edulcorante líquido con sacarina y ciclamato,D089,4
Edulcorante líquido con stevia,D072,4
Edulcorante líquido con sucralosa,D090,4
"Edulcorante líquido, PROMEDIO",D087,4
Glucosa,D116,4
Alfajor de arroz,D037,4
Alfajor de chocolate,D001,4
Alfajor de chocolate con relleno tipo mousse,D028,4
Alfajor de dulce de leche,D002,4
Alfajor de fruta,D036,4
Alfajor de maicena,D029,4
Alfajor de miel,D107,4
Alfajor light,D035,4
"Alfajor santafesino, tapas cubiertas con glasé",D104,4
Algodón de azúcar,D118,2
Bananita con cobertura de chocolate,D102,4
Barra proteica,D132,4
Barra de arroz rellena bañada,D041,4
Bombones de fruta,D044,4
Caramelos duros,D014,4
Caramelos duros light,D015,4
Caramelos masticables,D013,4
Caramelos rellenos,D012,4
Chicles,D042,4
Chicles sin azúcar,D043,4
Chupetín,D047,4
Conito de dulce de leche envasado,D034,4
Crema saborizada envasada tipo Ducrem,D110,4
Cubanito relleno,D033,4
Garrapiñada de maní,D080,4
Golosinas de merengue y cucurucho tipo Heladitos / Gallinitas,D125,4
Gomitas de gelatina,D048,4
Habanitos de chocolate,D122,4
Malvaviscos,D101,4
Merengues / merenguitos,D040,4
Mielcitas,D106,2
Minitorta bañada,D038,4
Oblea bañada tipo Kit Kat,D032,4
Oblea bañada tipo Nugaton,D039,4
Pastillas,D045,4
Pastillas sin azúcar,D046,2
"Postre a base de pasta de maní, tipo Mantecol",D049,4
Rhodesia,D030,4
Tableta de dulce de leche light,D079,4
Tableta de dulce de leche,D078,4
Tita,D031,4
Baño de repostería para cubrir tortas,D052,4
Barra de chocolate tipo Kinder,D053,4
Bocadito con dulce de leche tipo Cabsha,D054,4
Bocadito tipo Dos Corazones,D113,4
Bocadito tipo Marroc,D115,4
Bombón tipo Bon O Bon,D055,4
Bombón de chocolate relleno de licor,D129,4
Cacao amargo*,D050,2
Cacao en polvo sin fortificar*,D018,4
Cacao en polvo tipo Nesquik*,D051,4
Cacao en polvo tipo Zucoa / Zucoa Max instantáneo otros sabores*,D108,4
"Cacao, cascarilla*",D117,4
Chips de chocolate,D123,4
cacao o más,D057,4
Chocolate amargo,D126,4
Chocolate blanco,D058,4
Chocolate con almendras,D059,4
Chocolate con maní,D056,4
Chocolate relleno con pasta de maní tipo Snickers,D119,4
Chocolate light,D060,4
Chocolate para taza,D016,4
Chocolate relleno de dulce de leche tipo Tofi,D095,4
Chocolatín / chocolate con leche,D017,4
Huevo de chocolate tipo Kinder,D061,4
Lentejas de chocolate,D063,4
Maní con chocolate,D062,4
Medallón de menta y chocolate,D131,4
Pasas de uva con chocolate,D133,4
Bombón helado,D066,4
Helado de agua (heladería),D064,4
Helado de agua (palito),D019,4
Helado de crema (heladería),D020,4
Helado de crema envasado,D065,4
"Helado envasado con cucurucho, PROMEDIO",D067,4
Polvo para preparar helado*,D068,4
Torta helada envasada (crema helada varios sabores con base de galleta),D111,4
Almíbar,D100,3
Arrope,D026,2
Crema de avellanas con cacao tipo Nutella,D114,4
Dulce de batata,D005,3
Dulce de batata light,D081,4
Dulce de cayote,D073,4
Dulce de leche,D008,4
Dulce de leche light,D077,4
Dulce de mamón,D120,4
Dulce de membrillo,D006,3
Dulce de membrillo light,D082,4
Dulce de zapallo (compacto),D128,4
Fondant,D130,4
Grana para decorar tortas,D098,4
Jalea tipo membrillo,D007,4
Kero o melaza,D027,2
Mermelada de frutas,D010,4
Mermelada de frutas light,D025,4
Miel,D011,2
Miel de caña,D134,2
"Pulpa de frutas para repostería, coberturas y rellenos (frutilla, arándano o maracuyá)",D099,4
Rapadura,D105,2
"Relleno y cobertura para repostería lista para batir, varios sabores",D109,4
"Saborizadores Tecknofood, sabores varios (malta, vainilla)",D124,4
Salsa topping de chocolate,D097,4
Salsa topping de dulce de leche,D096,4
Chicharrón,G017,2
Crema de leche,G013,2
"Crema chantilly (lista para consumir, aerosol o industrial preparada)",G018,4
Crema light,G016,4
Grasa de cerdo,G008,2
Grasa de pollo,G019,2
Grasa vacuna,G009,2
Manteca,G010,2
Manteca light,G015,4
Margarina (en pote y en pan),G011,4
Margarina untable light,G012,4
Palitos aireados de harina de maíz o de colores,O013,4
Palitos salados,O014,4
Papas fritas de copetín,O015,4
Maní japonés,O043,4
Nachos,O028,4
Snacks saborizados salados a base de maíz,O041,4
"Snacks saborizados salados a base de sémola de arroz, horneados, tipo Palitos de",O044,4
Aceto balsámico,O022,4
Aderezo Salsa Alioli,O048,4
Aderezo Caesar o Ranch,O021,4
Aderezo para ensaladas light,O045,4
Aderezo Salsa Cheddar,O037,4
"Jugo de limón, envasado",B069,4
Ketchup,O005,4
Mayonesa,O001,4
Mayonesa light,O002,4
Mayonesa de soja,O003,4
Mostaza,O006,4
"Salsa a base de tomate en tetra brick o sachet, lista para consumir (ej: pomarola,",O035,2
Salsa agridulce,O047,2
Salsa barbacoa,O020,2
Salsa blanca en polvo envasada*,O049,4
Salsa chimichurri envasada,O051,2
"Salsa deshidratada varios sabores, polvo*",O046,4
Salsa de soja,O034,2
Salsa Golf,O004,2
"Salsa para guiso campero envasada, fortificada*",O040,4
Vinagre,O023,2
Caldos en cubo*,O007,4
Caldos en polvo*,O039,4
Caldos en polvo light*,O008,4
Caldos en polvo sin sal light*,O009,4
Sopa crema instantánea preparada,O010,4
Sopa crema preparada a partir de polvo premezcla light,O011,4
Sopa crema preparada a partir de polvo premezcla sin sal light,O012,4
Saborizador en cubos,O024,4
Saborizador en polvo,O038,4
Sopa de fideos deshidratada envasada para preparar*,O025,4
"Sopa crema instantánea, polvo para preparar (sabores varios)*",O029,4
"Sopa crema instantánea, polvo para preparar light (sabores varios)*",O030,4
"Sopa de vegetales instantánea, polvo para preparar*",O036,4
Arroz con leche envasado listo para consumir,D103,4
"Arroz con leche envasado sabor caramelo, fortificado",D121,4
Gelatina envasada lista para consumir,D069,4
"Gelatina light, preparada a partir de polvo",D022,4
Gelatina preparada a partir de polvo,D021,4
Polvo para preparar flan*,D009,4
Polvo para preparar postre lácteo*,D075,4
Polvo para preparar postre lácteo light*,D076,4
Polvo para preparar mousse de limón / chocolate*,D112,4
Bicarbonato de sodio,O042,2
Sal,O026,2
Sal Marina,O050,2
"Sal dietética o modificada, PROMEDIO",O033,4
"Sal dietética, sin sodio",O027,4
Cloruro de sodio,O031,2
Cloruro de sodio,O032,2
Achilate / achilata,B055,4
"Agua saborizada Aquarius, varios sabores",B044,4
"Agua saborizada Awafrut, varios sabores",B046,4
"Agua saborizada con azúcar, PROMEDIO",B030,4
"Agua saborizada Levité, varios sabores",B045,4
"Agua saborizada tipo Sierra de los Padres, Manaos, otros",B047,4
Amargo serrano*,B001,4
"Bebida a base de soja y jugo, varios sabores",B003,4
"Bebida a base de soja y jugo, varios sabores light",B004,4
Bebida a base de soja sabor natural,B020,4
"Gaseosa con azúcar, PROMEDIO",B008,4
"Gaseosa con azúcar, sabor cola",B021,4
"Gaseosa con azúcar, sabor lima limón",B022,4
"Gaseosa con azúcar, sabor naranja",B023,4
"Gaseosa con azúcar, sabor pomelo",B024,4
"Gaseosa con azúcar, agua tónica",B025,4
"Gatorade, varios sabores",B037,4
Jugo congelado con azúcar en sachet,B054,2
Jugo de fruta envasado varios sabores,B010,4
"Jugo en polvo con azúcar, PROMEDIO*",B011,4
Jugo en polvo con azúcar*,B053,4
Jugo concentrado con azúcar para diluir*,B014,4
"Powerade, varios sabores",B038,4
"Agua saborizada H2O, varios sabores",B049,4
Agua saborizada Flip light,B051,4
"Agua saborizada Levité Cero, varios sabores light",B048,4
"Agua saborizada light, PROMEDIO",B031,4
Agua saborizada We o Ser ligth,B050,4
Amargo serrano light*,B002,4
"Gaseosa light, PROMEDIO",B009,4
"Gaseosa light, Guaraná",B112,4
"Gaseosa light, sabor cola",B026,4
"Gaseosa light, sabor lima limón",B027,4
"Gaseosa light, sabor naranja",B028,4
"Gaseosa light, sabor pomelo",B029,4
"Gatorade Zero, varios sabores (sin azúcar)",B039,4
Granadina Zero (sin azúcar),B131,4
Jugo en polvo BC*,B052,4
Jugo en polvo light*,B012,4
de jugo y pulpa),B121,4
Jugo concentrado para diluir light*,B118,4
"Powerade Zero, varios sabores (sin azúcar)",B040,4
Ananá Fizz,B129,4
"Aperitivo, tipo Gancia",B119,3
"Bebidas destiladas, PROMEDIO",B005,4
Bebida energizante,B041,4
"Bebida mezcla de fernet con gaseosa sabor cola, lista para consumir",B113,4
Cerveza con alcohol,B006,3
Cerveza sin alcohol,B007,3
Champagne,B042,3
"Chicha, bebida tradicional obtenida por fermentación del maíz",B128,4
Dr. Lemon,B115,4
Fernet,B043,3
"Licor, PROMEDIO",B013,3
Sidra,B015,3
Vermouth,B016,4
Vino blanco,B017,3
"Vino espumante, tipo Frizze",B120,3
Vino Mistela,B122,3
Vino rosado,B123,3
Vino tinto,B072,3
Vodka,B125,3
Agua con gas / soda,B111,1
Agua de mar,B126,1
"Agua de lluvia, río, canal, arroyo o acequia",B109,1
"Agua de lluvia, río, canal, arroyo o acequia, hervida y/o con lavandina",B110,1
Agua de perforación con bomba,B105,1
"Agua de perforación con bomba, hervida y/o con lavandina",B106,1
Agua de pozo,B107,1
"Agua de pozo, hervida y/o con lavandina",B108,1
"Agua de red pública o agua corriente, dentro del hogar",B101,1
"Agua de red pública o agua corriente, filtrada (filtro o dispenser de agua)",B102,1
Agua embotellada (bidón / botella),B103,1
"Agua embotellada (bidón / botella), bajo contenido de sodio",B104,1
Agua origen desconocido,B100,1
Hielo para bebidas,B114,4
Jugo de arándanos y chía,B078,4
"Jugo de arándanos, natural",B124,1
"Jugo de fruta, exprimido sin azúcar agregada, envasado",B032,2
"Jugo de fruta, pasteurizado no reconstituido",B033,4
"Jugo de limón, exprimido",B034,4
"Jugo de naranja, exprimido",B035,4
"Jugo de papaya, natural",B116,1
"Jugo de pomelo, exprimido",B036,4
Café con leche en cápsula*,B117,4
Café en saquitos (ingresar cantidad de saquitos)*,B073,1
Café instantáneo (polvo o granulado con leche y azúcar para preparar)*,B060,4
Café instantáneo descafeinado (polvo o granulado para preparar)*,B056,4
Café instantáneo (polvo o granulado para preparar)*,B057,4
Café molido en cápsula*,B059,4
Café preparado a partir de grano molido (tipo café de filtro),B058,1
Capucchino instantáneo (polvo o granulado para preparar)*,B063,4
Capucchino instantáneo (polvo o granulado para preparar light)*,B062,4
Capucchino preparado,B061,4
"Infusión de hierbas en hebras tipo Boldo, Manzanilla, otros (ingresar cantidad en",B127,1
"Infusión de hierbas en saquitos tipo Boldo, Manzanilla, otros (ingresar cantidad de",B068,1
Mate cocido en saquitos (ingresar cantidad de saquitos)*,B065,1
Malta instantánea polvo*,B130,4
Té blanco en hebras (ingresar cantidad en gramos)*,B076,1
Té blanco en saquitos (ingresar cantidad de saquitos)*,B075,1
Té negro en hebras (ingresar cantidad en gramos)*,B071,1
Té negro en saquitos (ingresar cantidad de saquitos)*,B066,1
"Té saborizado en saquitos, varios sabores (ingresar cantidad de saquitos)*",B077,4
Té concentrado de hierbas Herbalife,B132,4
Té verde en saquitos (ingresar cantidad de saquitos)*,B067,1
Yerba mate para mate cebado (ingresar cantidad en gramos)*,B064,1
Yerba mate para mate cocido (ingresar cantidad en gramos)*,B070,1
Yerba mate para tereré (ingresar cantidad en gramos)*,B074,1
"McDonald's, BigMc (ingresar cantidad de porciones)",R053,4
"McDonald's, Cajita Feliz, Hamburguesa con queso Grill (ingresar cantidad de",R046,4
"McDonald's, Cajita Feliz, Hamburguesa Grill (ingresar cantidad de porciones)",R045,4
"s, Cajita Feliz, Mc Tostado (ingresar cantidad de porciones)",R043,3
"s, Cajita Feliz, Mc Nuggets X4 (ingresar cantidad de porciones)",R040,4
"s, Cajita Feliz, Papas Kids (ingresar cantidad de porciones)",R041,3
"s, Cajita Feliz, Papas pequeñas (ingresar cantidad de porciones)",R042,3
"s, Cajita Feliz, Tomate cherry 50g (ingresar cantidad de porciones)",R044,3
"s, Club House (ingresar cantidad de porciones)",R054,3
"s, Clubhouse/Guacamole/Cryspi Onion BBQ con pollo crispy (ingresar",R058,3
"s, Clubhouse/Guacamole/Cryspi Onion BBQ con pollo grill (ingresar",R059,3
"s, Cono (ingresar cantidad de porciones)",R064,3
"s, Cuarto de Libra (ingresar cantidad de porciones)",R052,3
"s, Doble Cuarto de Libra con queso (ingresar cantidad de porciones)",R049,3
"s, Hamburguesa (ingresar cantidad de porciones)",R047,3
"s, Hamburguesa con queso (ingresar cantidad de porciones)",R048,3
"s, Mcnífica (ingresar cantidad de porciones)",R050,3
"s, McNuggets x 10 (ingresar cantidad de porciones)",R056,4
"s, McPollo Grill (ingresar cantidad de porciones)",R057,3
"s, Papas grandes (ingresar cantidad de porciones)",R063,3
"s, Papas medianas (ingresar cantidad de porciones)",R062,3
"s, Papas pequeñas (ingresar cantidad de porciones)",R061,3
"s, Pollo Jr. (ingresar cantidad de porciones)",R060,3
"s, Sundae chocolate (ingresar cantidad de porciones)",R065,4
"s, Sundae dulce de leche (ingresar cantidad de porciones)",R066,4
"s, Mc Flurry Oreo (ingresar cantidad de porciones)",R068,3
"s, Sundae frutilla (ingresar cantidad de porciones)",R067,3
"s, Triple Mac (ingresar cantidad de porciones)",R051,3
Dextrosa en polvo*,S214,4
Ensure Plus,S008,4
Ensure Plus drink,S009,4
Ensure polvo*,S007,4
Espesan*,S187,4
Floratil-Sccharomyces boulardii,S216,4
Fortisip Standard,S224,4
Frebini energy drink,S188,4
Fresubin Powder Fibre*,S178,4
Glucerna SR polvo*,S219,4
Herbal Aloe concentrado (Herbalife),S223,4
Jevity,S225,4
Kas Mil polvo*,S010,4
MCT Oil-triglicéridos de cadena media (Nutricia Bagó),S215,4
Neocate polvo*,S222,4
Nutramigen LGG* NO ES UNA FORMUAL INFANTIL??,S196,4
Osmolite NH,S211,4
"Pediasure complete, en polvo*",S227,4
Polimerosa*,S184,4
Supportan,S228,4
Supportan drink,S204,4
Chía Caps,S154,4
Fito Chía Caps,S155,4
Aceite de pescado          Regulip,S156,4
Ácido fólico 1 mg         Todos los suplementos de,S011,4
Ácido fólico 5 mg         Todos los suplementos de,S012,4
Ácido fólico 10 mg        Todos los suplementos de,S013,4
Ácido fólico              Usar para todos los,S014,4
Ácido fólico 1 mg/ml,S209,4
Ácido fólico y B12         Acifol B12,S042,4
Blastop,S099,4
Bagó B6 B12 Fólico,S100,4
Blastop Prevent,S098,4
Presterin,S109,4
Valcatil Max,S165,4
Aminoácidos                L Glutamine Star Nutrition*,S221,4
BCAA Optimum Nutrition 5000 Powder Fruit Punch*,S220,4
Maxi Gain*,S168,4
Whey X-Pro.Proteina potenciada con creatina*,S170,4
concentrado de proteínas de suero lácteo*,S177,4
"Pulver Gainer Plus. A base de carbohidratos,",S217,4
Secalbum*,S194,4
Whey Pro. Classic Line*,S199,4
Calcio base Dupomar,S201,4
Calcio                   Calcio base Vent3,S179,4
Calcional Citrato (masticables),S195,4
Bantuc Max,S122,4
Calcimax D3 400,S120,4
Calcio base Dupomar D3 200,S182,4
Calcio base Investi D3 400 (efervecente),S210,4
Calcio Cit Plus,S116,4
Calcio Cit,S114,4
Calnier D,S112,4
Caltrate 600 + D,S111,4
Calcio y vitamina D      Cavirox,S113,4
Cavirox 400,S118,4
Cavirox Cit,S115,4
Citramar D 200,S117,4
Citramar D 400,S119,4
Decalcit,S124,4
Taxus 400,S121,4
Ultra Calcium D3 200,S123,4
Ultra Calcium D3 400,S110,4
Fluoruro de sodio,S213,4
Sulfato ferroso        Usar para todos los,S017,4
Polimaltosato 50       Usar para todos los,S018,4
Sulfato ferroso 200    Usar para los siguientes,S021,4
Polimaltosato 100      Usar para los siguientes,S022,4
Tardyferon,S023,4
Ferrogal,S024,4
Ferdromaco,S025,4
Hemofer,S026,4
Fer-in-sol (jarabe),S019,4
Hemofer (jarabe),S020,4
Hierro y                 Isis Fe,S027,4
anticonceptivos          Isis Mini Fe,S028,4
Aironrap 40,S039,4
Aironrap 80,S040,4
Ferratab Compuesto,S036,4
Ferrogalfol,S032,4
Folaport,S038,4
Hemofer Folic,S030,4
Hierro Dupofol,S029,4
Hierroquick,S031,4
Ministerio de Salud (sulfato ferroso 250 mg + ácido,S212,2
Rubiron,S037,4
Siderblut Folic,S034,4
Sulfato Ferroso Richet,S035,4
Yectafer Tabs,S033,4
Iberol 500 (jarabe),S054,4
Iberol 500,S055,4
Factofer B12,S046,4
Tenvic,S047,4
Vitalix Complex,S048,4
"Hierro, ácido fólico y     Siderblut Complex",S049,4
Vitamina B12               Hemovit,S050,4
Acifol Fe,S051,4
Ferranin Complex,S052,4
Rexfol,S053,4
"Hierro, ácido fólico       Ferro Folic 500",S041,4
Nexovital Complex,S043,4
Anemidox Ferrum,S044,4
Anemidox Ultra,S045,4
Lecitina                   Lecitina de soya,S157,4
Levadura de cerveza,S166,2
Levadura de cerveza,S167,2
Polen granulado,S171,4
Polen en comprimidos,S189,4
Tanvimil A 50.000 UI,S134,4
Tanvimil A 100.000 UI,S135,4
"Vitaminas A, C y D        Usar para todos los suplementos de vitaminas A, C",S015,4
"Vitaminas A, C y D        Usar para todos los suplementos de vitaminas A, C",S016,4
Bagó B1 B6 B12 5.000,S148,4
Dorixina B1 B6 B12,S145,4
Nervomax T B12,S147,4
Trisel,S146,4
ali lo revisa y nos dice,S101,4
Redoxon (efervescente),S150,4
Redoxon 2 g (efervescente),S151,4
Tanvimil C,S152,4
Redoxitos (pastillas),S153,4
"Vitaminas C, E y          Tanvimil Plus",S141,4
Vitamina C y zinc       Redoxon Doble Acción (efervescente),S149,4
Factus,S160,4
Inmunogrip C,S161,4
Tafirol T Caliente Plus,S158,4
Next T Forte (granulado),S162,4
Bio Grip Plus,S163,4
Bayaspirina C Limón,S164,4
Denurix 2400,S129,4
Devisal CB,S125,2
Galferol 2400,S128,4
Galferol 400,S127,4
Osteodyn,S131,4
Raquiferol,S130,4
"Subical (solucion oral, frasco ampolla de 2 ml)",S190,4
Tanvimil D,S126,4
Vitaminas D y       Marvil D,S132,4
alendronato         Marvil D PLUS,S133,4
Tanvimil E 200,S136,4
Tanvimil E 400,S137,4
Vitamina E          Tanvimil E 1.000,S138,4
Optimina Plus,S139,4
Natural Slapak,S140,4
Vitamina K          Tanvimil K,S142,4
Total Magnesiano,S186,4
Total Magnesiano B6,S144,4
Total Magnesiano Antioxidante con vitamina E,S143,4
Total Magnesiano Vitalizante Plus (efervescente),S066,4
Total Magnesiano con vitaminas y minerales,S070,4
Total Magnesiano con vitamina C (efervescente),S082,4
Total Magnesiano Energizante,S086,4
Total Magnesiano Sport,S092,4
Total Magnesiano Sport,S093,4
Total Magnesiano Stress,S094,4
Ciprovit Magnésico,S096,4
102 años Plus,S198,4
102 Sport,S203,4
Becozym,S103,4
Berocca Plus,S073,4
Berocca Plus (efervescente),S062,4
Biodinam,S097,4
Calcimax Magnesio,S083,4
Cal-C-Vita (efervescente),S089,4
Cal-C-Vita Fuor (efervescente),S090,4
Caltrate 600 + D Plus,S084,4
Centrum,S076,4
Centrum Forte,S072,4
Centrum Materna,S068,4
Centrum Prenatal,S197,4
Centrum Silver Efervescente,S180,4
Centrum Silver Forte,S075,4
Centrum Silver VL,S064,4
Ciprovit Calcico (jarabe),S181,4
Ciprovit Energizante,S105,4
Dayamineral,S081,4
Dayamineral (jarabe),S077,4
Dayamineral,S061,4
Epiteliol C,S106,4
Esclerovitan Antioxidante,S091,4
Esclerovitan E,S104,4
Larotabe,S087,4
Marathon,S071,4
Memorex Compuesto,S107,4
Multimagnesio con potasio y B6-Pharmamerican,S207,4
Ocuvite DM,S108,4
Opovital B12 (jarabe),S078,4
Ovita con 20 mg de leutina,S193,4
Pharmafort,S079,4
Pharmaton,S056,4
Pharmaton Complex,S080,4
Pharmaton Efervescente,S067,4
Polper Calcio Magnesio,S088,4
Senexon Plus,S085,4
Stresstabs 600 con zinc,S057,4
Sulfato de zinc. Solución Conc. 4 mg/ml,S208,4
"Sulfato de zinc. Solución Conc. 4,4 mg/ml",S192,4
Sundown Naturals (gomitas frutales),S218,4
Supradyn,S065,4
Supradyn (efervescente),S060,4
Supradyn Forte,S074,4
Supradyn Forte (efervescente),S063,4
Supradyn Pronatal,S069,4
Tanvimil Ginseng,S058,4
Tanvimil M,S059,4
Tonovital Plus,S095,4
Total Fem,S102,4
"Candela             Suplemento CANDELA, Salud Vital, Juvenelle",S176,4
"Capilarforte        cistina, metionina, colágeno, biotina, vit B6, ác.",S173,4
Spirulina 500 mg,S205,4
Spirulina + zinc + cobre (Vitabell),S202,4
Herbalife-Batido de cookies y cream. Fórmula 1*,S174,4
Herbalife- Polvo de proteínas personalizado. Fórmula,S191,4
Herbalife- Batido nutricional proteico. Formula 1*,S206,4
Maca Force          Maca Force,S172,4
Natural Life        Calcio-Magnesio-Zinc,S169,4
Alpiste en polvo,S175,4
"Creatine Monohidrate ultramicronized ""Star",S200,4
Lipo on Fire caffeine-guarana,S185,4
"Sulfato de zinc. Solución Conc. 4,4 mg/ml",S192,4
